TICKER,SETOR,DIVIDENDO,LIQUIDEZMEDIADIARIA,PVP,YELD,MEDIA_YIELD_12M,SOMA_YIELD_12M,SOMA_YIELD_ANO_CORRENTE,RENTABILIDADE,RENTABILIDADE_MES,VARIACAO_COTACAO_MES,COTACAO_FECHAMENTO,VPA,NUMERO_COTISTA,VOLATILITY
AAGR11,Indefinido,1.2088,8166.76,0,1.2500,1.1992,14.3900,3.8700,4.0810,10.2551,8.8939,96.9700,0.0000,0,67.033057810883
AAZQ11,Indefinido,0.0950,548840.62,0.8445,1.4400,1.3917,16.7000,4.7400,-1.1578,-1.0997,-2.5037,6.6200,8.6200,29667,22.684753722077
ABCP11,Shoppings,0.5000,64576.19,0.7142,0.6700,0.8742,10.4900,2.1200,14.5576,2.5183,1.8360,74.8800,107.6600,14987,33.154934803299
AFHI11,Papéis,0.9800,802593.9,0.9999,1.0400,1.0392,12.4700,3.2000,11.8905,7.8256,6.7157,94.2300,93.2100,42586,11.760353259438
AGRX11,Indefinido,0.1100,154992.76,0.7859,1.3800,1.2633,15.1600,4.1500,12.0723,7.0122,5.5556,7.9800,10.2300,19514,32.527217888726
AIEC11,Lajes Corporativas,0.3200,335393.19,0.5977,0.7300,1.4042,16.8500,3.7900,3.9409,-3.6419,-4.3402,43.8600,77.7800,18384,17.561761929095
AJFI11,Shoppings,0.0700,1677723.19,0.5995,1.0200,0.8917,10.7000,3.0800,-0.2238,3.5794,2.5335,6.8800,,12950,16.605253881132
ALMI11,Lajes Corporativas,3.3901,8754.38,0.2847,0.5500,0.5092,6.1100,2.0600,21.8655,2.3229,1.7632,616.9800,2046.7799,2006,37.849438623142
ALZC11,Papéis,1.5475,735544.24,1.2459,2.0600,1.3191,14.5100,3.9500,-16.6121,-5.5681,-7.4741,75.0200,,8102,34.150674048325
ALZM11,Fundo de Fundos,0.3984,164.43,0.8472,6.3000,1.5183,18.2200,7.5500,4.6483,4.9713,-1.2500,6.3200,7.4600,12195,15.521906497147
ALZR11,Misto,0.8055,1258541.48,0.9658,0.8000,0.7642,9.1700,2.4700,9.8571,4.9279,4.0951,100.6600,103.7400,152998,11.676871111276
APTO11,Imóveis Residenciais,0.0900,14990.95,0.8779,1.0600,1.0242,12.2900,3.1800,1.4240,1.5378,0.4728,8.5000,9.7500,8746,26.515336817184
APXM11,Shoppings,0.5454,268977.52,0.7277,0.6000,0.4308,5.1700,1.2200,-6.4855,0.9090,0.3071,91.4500,,616,52.618864402502
ARCT11,Imóveis Industriais e Logísticos,0.5000,1053903.45,0.8696,0.0000,1.0462,12.5547,0.0000,,0.0000,0.0000,,99.7700,43228,15.634888213165
AROA11,Imóveis Industriais e Logísticos,0.0062,4217.76,1.0316,0.6100,0.6542,7.8500,1.8700,2.9005,4.7589,4.1237,1.0100,,4059,34.122909906922
ARRI11,Papéis,0.0900,179726.05,0.8998,1.1500,1.1533,13.8400,3.5000,-3.9336,6.7316,5.5182,7.8400,8.4800,24580,17.505066348065
ARXD11,Papéis,0.0950,109006.67,0.8172,1.3000,0.5225,6.2700,4.0700,-4.7585,8.1225,6.7350,7.2900,,1426,95.628091305862
ASMT11,Lajes Corporativas,0.7700,31080.76,0.3732,1.1100,0.0000,0.0000,2.1600,-5.8881,-4.4552,-5.5041,69.3600,,1,54.534032851299
ASRF11,Indefinido,256.3287,494.91,1.1173,0.0000,0.0000,0.0000,0.0000,,0.0000,0.0000,,,68,33.155839949136
ATSA11,Shoppings,1.0300,685.76,0.651,1.9800,0.3550,4.2600,1.9800,-0.7504,-0.7504,-2.6774,51.9800,76.0300,300,25.168683282097
AURB11,Imóveis Comerciais - Outros,0.2000,4500.95,1.1214,0.0000,0.0000,0.0000,0.0000,,0.0000,0.0000,,,19,33.887488597861
AZPL11,Serviços Financeiros Diversos,0.0900,490479,0.7461,1.4400,1.1014,7.7100,4.2800,-1.4729,1.7646,0.3200,6.2700,,7093,37.377819927348
BARI11,Papéis,0.8800,447435.43,0.8118,1.3400,1.1583,13.9000,4.3000,0.2527,6.9456,5.5314,65.6300,90.5400,35845,20.825459343564
BBFI11B,Lajes Corporativas,634.2308,182918.19,0.4075,47.5100,5.8142,69.7700,69.7700,119.3947,53.7294,4.2163,1335.0000,864.7700,6989,43.395087164048
BBFO11,Fundo de Fundos,0.6700,300279.57,0.8751,1.1300,1.0342,12.4100,3.5500,1.9767,8.6951,7.4805,59.3400,70.7200,6828,15.205402599622
BBGO11,Indefinido,0.7900,283355.76,0.7629,1.1500,1.1175,13.4100,6.1000,-7.5710,16.4696,15.1454,68.5000,91.6600,11984,18.288256235439
BBIG11,Serviços Financeiros Diversos,0.0800,856018.86,0.7364,1.2000,1.1667,10.5000,3.6900,0.8666,0.4481,-0.7429,6.6800,,28909,23.436899324709
BBIM11,Papéis,0.0968,,0,0.0000,0.0000,0.0000,0.0000,,0.0000,0.0000,,0.0000,20,
BBPO11,Agências de Bancos,0.9800,1815419.7,0.8018,1.0900,0.9842,11.8100,11.8100,11.5540,-4.0252,-5.0601,90.0600,101.3900,68471,10.279900730323
BBRC11,Agências de Bancos,1.0800,76166.71,1.0091,1.1400,1.0850,13.0200,3.3900,-6.0164,3.5284,2.3614,94.9300,104.9300,9211,17.605960803905
BCIA11,Fundo de Fundos,0.8400,349086.95,0.898,1.0100,0.9708,11.6500,3.2300,5.7521,8.2427,7.1604,82.9100,92.4300,24495,18.687298257926
BCRI11,Papéis,0.7700,530362.81,0.8124,1.2500,1.2808,15.3700,4.0500,7.7350,7.1701,5.8471,61.7300,84.7700,43150,17.981109358892
BDIF11,Indefinido,1.0000,2012184.05,0,1.3400,1.1275,13.5300,3.9900,5.0400,2.5045,1.1491,74.8200,,0,15.533855729271
BDIV11,Indefinido,1.6000,277647,0,4.3600,6.8425,82.1100,4.3600,-69.1541,-69.1541,-70.4428,36.7100,,0,70.296261348409
BETW11,Indefinido,0.4398,,0,0.0000,0.0000,0.0000,0.0000,,0.0000,0.0000,,,1,
BICE11,Fundo de Fundos,6.5500,5869.22,0.8603,0.7300,0.6225,7.4700,2.3700,-7.8553,2.1983,1.4577,899.9500,1046.1200,120,42.262908427141
BICR11,Papéis,0.3630,27.43,0.8633,1.0200,0.3567,4.2800,4.5200,-26.9733,-9.6324,-10.5448,35.6300,42.5100,641,54.038343277347
BIDB11,Indefinido,1.3300,306282.62,0,1.7100,1.2283,14.7400,4.5800,-0.6655,7.2854,5.4817,77.7400,,0,16.550967313609
BIME11,Indefinido,0.0900,47876.86,0.8349,1.3300,1.2850,15.4200,4.0600,7.7656,6.3417,4.9459,6.7900,8.3600,8490,15.557443755838
BINC11,Papéis,1.0300,541168.05,0,1.1300,1.3025,5.2100,3.4100,0.9966,4.0214,2.8591,91.0200,,0,27.235417091086
BIPD11,Indefinido,73.0700,94906,0.9221,0.0000,0.0000,0.0000,0.0000,,0.0000,0.0000,,,112,11.141105239142
BLCA11,Indefinido,0.5000,104285.52,0.6732,0.5700,0.5283,6.3400,1.7100,-4.7301,3.5332,2.9464,87.0000,133.7700,491,52.021008556316
BLCP11,Imóveis Industriais e Logísticos,0.5634,103127.5,1.4261,0.6300,0.0000,0.0000,4.2600,,0.0000,0.0000,89.0000,111.7373,8102,0.871986216086
BLMC11,Papéis,5.3373,150671.33,1.3438,0.0000,0.0000,0.0000,0.7400,,0.0000,0.0000,,94.6900,8102,3.226525989103
BLMG11,Imóveis Industriais e Logísticos,0.3500,394761.38,0.4633,1.2300,1.4817,17.7800,6.0300,-8.2565,2.5677,1.3214,28.3700,70.3600,13571,19.819781262906
BLMO11,Lajes Corporativas,0.4600,1152557.48,0.7394,0.6000,0.5842,7.0100,1.7800,9.3206,-2.4102,-2.9923,76.5100,105.2200,363,42.507757262961
BLMR11,Fundo de Fundos,0.3733,1157702.33,0.1063,0.0000,0.0000,0.0000,0.0000,,0.0000,0.0000,,7.6100,8102,3.493134806392
BLOG11,Misto,0.0500,581.62,0.9383,0.4900,0.3500,3.1500,1.1600,-0.9695,-13.7813,-14.2017,10.2100,,50,61.492388659196
BLUR11,Papéis,0.4700,1040.29,0.9315,0.6800,0.6417,7.7000,2.4200,-3.7623,-6.5393,-7.1705,69.5200,,150,85.16132726465
BMLC11,Lajes Corporativas,0.7000,484236.1,0.9127,0.7100,1.9108,22.9300,2.1900,6.7994,2.0879,1.3682,99.2800,106.4300,1347,27.153485136286
BNFS11,Agências de Bancos,0.9193,140276.24,0.9052,1.2900,1.3333,16.0000,3.7400,-17.2508,-1.2117,-2.4698,71.0800,77.7100,5678,22.329849245569
BODB11,Indefinido,0.0992,1194821.48,0,1.3900,1.0533,12.6400,4.2500,-5.7118,9.5073,8.0060,7.1500,,0,18.560732389743
BPFF11,Fundo de Fundos,0.6200,243390.48,0.8634,1.1300,1.0308,12.3700,3.4100,2.5724,8.1079,6.8999,55.0000,66.9300,20808,17.03482812534
BPLC11,Misto,14.4205,,0,0.0000,0.0000,0.0000,0.0000,,0.0000,0.0000,,,114,
BPML11,Shoppings,1.0700,1698251.52,0.6072,1.3600,1.3733,16.4800,4.4500,28.2603,15.1149,13.5703,78.9200,131.1600,5368,26.868886221439
BPRP11,Imóveis Industriais e Logísticos,0.9250,1228.57,0.8561,0.0000,0.3783,4.5400,4.5400,,0.0000,0.0000,,,171,15.537250867692
BRCO11,Imóveis Industriais e Logísticos,0.8700,2315773.81,0.891,0.8700,0.8317,9.9800,2.6800,5.6974,8.1035,7.1711,100.2800,118.4300,117237,14.352619668073
BRCR11,Lajes Corporativas,0.4500,1460062.95,0.4642,1.1300,1.1292,13.5500,3.6300,5.2878,2.9142,1.7643,39.8000,86.9700,125967,16.05353489977
BREV11,Lajes Corporativas,0.5800,202719.24,1.6455,0.5500,0.0000,0.0000,10.0300,22.0818,0.8670,0.3153,105.0000,0.0000,8102,0.339502029304
BRFT11,Misto,1.0200,26949.81,0,1.2800,1.3814,9.6700,9.6700,-5.9548,-1.7891,-3.0303,80.0000,0.0000,0,47.596133746625
BRIM11,Fundo de Desenvolvimento,149.0000,20331.86,0.8082,15.7500,2.8983,34.7800,15.7500,4.1196,4.1196,-10.0478,946.0000,,530,77.7770838094
BRIP11,Fundo de Desenvolvimento,27.8900,27824.14,1.1068,3.4200,3.1900,38.2800,15.9100,21.9481,-1.0862,-4.3572,815.0200,,378,108.69043594381
BRLA11,Imóveis Industriais e Logísticos,1.1500,21194.28,0.841,0.7800,0.3867,4.6400,4.6400,5.0598,5.8118,4.9929,146.9900,166.4600,435,76.516526650649
BROF11,Lajes Corporativas,0.5700,325068.1,0.4399,1.2000,1.0692,12.8300,3.6200,23.6303,-1.6209,-2.7875,47.4300,,9460,24.352529989534
BRZP11,,0.6600,458964.71,0,0.6700,0.6042,7.2500,2.1200,9.0652,6.9241,6.2124,98.9900,,0,17.566054691675
BTAG11,Indefinido,1.2500,166732.43,0,1.2600,57.1325,685.5900,614.7000,977.6975,0.9255,-0.3303,99.5700,0.0000,0,33.289811179217
BTAL11,Imóveis Industriais e Logísticos,0.8400,583422.71,0.6493,1.1500,1.2100,14.5200,3.6200,19.5152,6.7613,5.5475,73.0600,111.5900,39898,16.876621186145
BTCI11,Papéis,0.0930,1270134.14,0.9096,1.0900,1.0542,12.6500,3.2800,12.9729,5.7976,4.6569,8.5400,,186510,17.052715991898
BTCR11,Papéis,0.9000,244777.71,1.3791,0.9800,0.0000,0.0000,12.5300,14.5378,-5.0402,-5.9618,91.9600,95.2700,8102,32.776924943563
BTHF11,Papéis,0.0920,3521585,0.7697,1.2200,1.2875,5.1500,3.9400,-2.1253,10.4752,9.1437,7.5200,,326504,22.590955731165
BTHI11,Hotéis,0.2910,17736.48,0.5927,0.6900,0.8792,10.5500,2.6700,1.8444,7.6642,6.9264,41.9900,,1318,35.76521231541
BTLG11,Imóveis Industriais e Logísticos,0.7800,6819920.95,0.9388,0.8200,0.8308,9.9700,2.5900,11.2004,2.8848,2.0480,95.1700,103.8400,376433,15.795411030123
BTML11,Lajes Corporativas,0.8500,,0.879,0.8400,0.4417,5.3000,2.8600,1.2295,0.8400,0.0000,101.3700,,1,2.818957285451
BTRA11,Indefinido,0.3000,323921.05,0.5151,0.5700,0.7067,8.4800,2.1400,36.0696,11.0460,10.4167,53.0000,110.0900,13301,28.041673001792
BTSG11,Imóveis Industriais e Logísticos,0.9500,27.65,1.0401,0.6000,0.4033,4.8400,1.8000,1.2027,0.6000,0.0000,158.1000,152.0100,107,38.525928728797
BTSI11,Misto,0.7800,4.87,0.9458,0.7000,0.4008,4.8100,2.1000,2.1147,0.7000,0.0000,111.6000,,187,20.334999065027
BTWR11,Fundo de Desenvolvimento,0.5600,3862.9,0.9245,0.5300,0.3242,3.8900,1.5800,1.5883,0.5300,0.0000,105.4900,114.1000,139,43.291525804975
BTYU11,Incorporações,0.1210,398.24,1.0224,1.1700,1.1756,10.5800,3.5800,6.9289,-0.2753,-1.4286,10.3500,,231,56.065861210856
BZEL11,Misto,5.0924,,0,0.0000,0.0000,0.0000,0.0000,,0.0000,0.0000,,,3,
CACR11,Papéis,1.3100,1022104.29,1.0222,1.4700,1.4733,17.6800,4.6100,3.6354,5.7009,4.1696,89.1900,95.6000,24361,27.632536097546
CARE11,Misto,0.0084,31413.48,0.1966,0.2300,0.0000,0.0000,1.3600,-7.3924,-2.4076,-2.6316,3.7000,1.6041,11617,39.72923439213
CBOP11,Lajes Corporativas,0.1000,9205.05,0.3187,0.4900,0.3558,4.2700,1.4100,-15.0024,-1.0070,-1.4897,20.5000,67.4600,2407,39.730334641678
CCME11,Indefinido,0.0800,268156.1,0.8642,0.9900,0.8925,10.7100,3.0200,6.3323,9.0692,8.0000,8.1000,,7727,30.667819483254
CCRF11,Papéis,3.5013,1276.82,1.4496,0.0000,0.0000,0.0000,0.0000,,0.0000,0.0000,,93.2300,8102,8.061205807437
CCVA11,Indefinido,0.6000,159202.27,1.013,0.6100,0.4929,3.4500,1.8200,1.8310,0.6100,0.0000,98.9700,,1,5.05934360467
CDII11,Indefinido,1.1600,3489486.48,0,1.1500,1.1858,14.2300,3.3400,-1.7853,1.3708,0.2183,101.0200,,0,14.787016762749
CEOC11,Lajes Corporativas,0.4410,44062.29,0.5286,1.1700,1.1417,13.7000,3.5900,4.4958,2.3144,1.1312,37.5500,73.0400,4244,18.739154708149
CFHI11,Fundo de Desenvolvimento,120.0000,27.22,1.2127,19.1600,2.9857,20.9000,20.9000,17.1397,17.1397,-1.6954,626.2000,,101,14.301693420483
CFII11,Indefinido,10.5000,6250,0.8136,1.1000,3.1133,9.3400,9.3400,1.1000,1.1000,0.0000,952.6000,,113,13.902488018456
CIXM11,Misto,0.1500,220499.5,0.2398,0.0000,0.0000,0.0000,0.0000,,0.0000,0.0000,,,108,
CJCT11,Lajes Corporativas,0.1500,15239.81,0.8216,0.2700,0.2125,2.5500,0.9100,13.6743,4.2457,3.9650,55.8500,57.9017,917,35.762364279763
CLIN11,Fundo de Fundos,1.0100,740599.81,0.916,1.2000,1.1533,13.8400,3.7800,8.6018,12.9709,11.6313,84.1700,,11225,17.571509760676
CNES11,Lajes Corporativas,0.0071,45223.05,0.1464,0.6600,0.6133,7.3600,2.3600,5.3295,7.7062,7.0000,1.0700,7.5800,99020,46.371956334037
COPP11,Lajes Corporativas,0.7500,1827632,1.0027,0.0000,0.0000,0.0000,0.0000,,0.0000,0.0000,,,127,17.748239349299
CORM11,Lajes Corporativas,0.7700,,0,0.9006,0.9485,11.3823,6.2039,-4.2658,-2.0994,-2.9732,85.5000,90.5559,0,
CPFF11,Fundo de Fundos,0.5000,2606310.52,0.9607,0.8000,0.8167,9.8000,1.4500,4.7849,2.1276,1.3171,62.3100,72.7600,7084,18.246281219572
CPFO11,Fundo de Fundos,31.4246,,0,0.0000,0.0000,0.0000,0.0000,,0.0000,0.0000,,,8102,
CPLG11,Misto,0.1500,4301177.38,1.1157,1.3500,1.4875,5.9500,2.7500,8.6191,5.6164,4.2095,11.1400,,250,26.329262103821
CPOF11,Misto,0.2000,1831264.05,1.0563,0.1800,0.6058,7.2700,1.7700,3.8994,0.9819,0.8004,108.3000,,127,29.913596492752
CPSH11,Indefinido,0.1000,4127257.81,0.7729,1.1200,1.0892,13.0700,3.4100,8.9256,3.4313,2.2857,8.9500,,15019,17.153896753487
CPTI11,Indefinido,1.0000,2093312.33,0,1.2000,1.1783,14.1400,3.6600,1.0875,9.2092,7.9142,83.0400,,0,16.339158460579
CPTR11,Indefinido,0.0850,2217440.62,0.8102,1.1300,0.8983,10.7800,2.1900,-8.5049,19.9523,18.6120,7.5200,9.8000,26087,18.382484806058
CPTS11,Papéis,0.0800,9109679.81,0.8382,1.1600,1.0808,12.9700,3.5600,13.6657,13.1481,11.8506,6.8900,8.5900,356478,22.467011407584
CRAA11,Indefinido,1.1000,477979.9,0.9128,1.2000,1.0908,13.0900,3.0300,9.1777,6.0786,4.8208,91.5400,101.7200,7798,16.486883704637
CRFF11,Fundo de Fundos,0.6100,338318.14,0.8639,0.9800,0.8625,10.3500,2.9400,-3.1785,3.7582,2.7512,62.3700,76.4000,1291,31.552380485218
CSMC11,Indefinido,12.3453,,0,0.0000,0.0000,0.0000,0.0000,,0.0000,0.0000,,,1,
CTXT11,Lajes Corporativas,0.0100,1030.29,0.2319,0.0400,0.0000,0.0000,1.3300,-50.7546,1.0408,1.0004,23.2200,48.3312,2361,60.59411328531
CVBI11,Papéis,1.0500,1697199.29,0.9278,1.2500,1.1633,13.9600,3.9600,17.5041,13.2440,11.8459,84.2200,91.0200,86783,19.781503863027
CVPR11,Indefinido,0.1000,,0,0.0000,0.0000,0.0000,0.0000,,0.0000,0.0000,,,2,
CXAG11,Agências de Bancos,0.7000,123464.38,0.6061,0.9900,0.9825,11.7900,3.0000,5.6185,-0.3573,-1.3341,71.0000,116.4900,12172,12.860079339134
CXCE11B,Lajes Corporativas,0.4293,9205,0.5962,1.0900,1.0200,12.2400,12.2400,3.7260,1.2696,0.1777,39.4700,64.5300,3247,22.210224132398
CXCI11,Indefinido,0.7500,106597.14,0.8456,1.1700,1.0617,12.7400,3.5300,0.6089,3.7208,2.5213,63.8400,78.8800,5337,19.826212144938
CXCO11,Lajes Corporativas,0.6550,107947.76,0.6058,1.1700,1.0350,12.4200,3.8300,6.5180,2.6893,1.5017,56.1000,96.5200,12929,19.661291725347
CXRI11,Fundo de Fundos,0.5900,136898.43,0.8366,0.9300,0.8442,10.1300,2.8100,-2.1231,3.3277,2.3756,63.3500,75.4700,1872,38.064439674814
CXTL11,Imóveis Industriais e Logísticos,2.1978,5476.38,0.5376,1.0000,0.8467,10.1600,3.0200,12.6251,-3.4272,-4.3834,218.7900,414.5300,661,42.453265934642
CYCR11,Indefinido,0.1000,550620.33,0.9396,1.1800,1.1967,14.3600,3.6600,7.9038,13.0443,11.7260,8.4800,9.2700,18657,17.423956470673
DAMA11,Misto,0.0800,19357.29,0.8874,1.0100,0.9725,7.7800,2.4400,-13.2612,-11.8397,-12.7212,7.8900,,717,32.590489214081
DAMT11B,Shoppings,0.0425,14,0.8126,0.3300,0.0000,0.0000,0.3300,-16.7229,-16.7229,-16.9968,12.9900,,536,50.905780413677
DCRA11,Indefinido,0.0900,59205,0.7672,1.2500,1.3433,16.1200,4.2400,6.5243,-0.4144,-1.6438,7.1800,9.5800,17201,17.600629707085
DEVA11,Papéis,0.4300,543902.62,0.31,1.4800,1.3900,16.6800,4.4400,3.5427,2.3618,0.8690,29.0200,96.7800,92781,24.435895748389
DLMT11,Varejo,0.0025,,0,0.0000,0.0000,0.0000,0.0000,,0.0000,0.0000,,,9,
DPRO11,Indefinido,0.0550,660.43,0.6462,0.9000,0.8658,10.3900,3.0000,4.7499,2.2431,1.3311,6.0900,,771,56.859788067141
DRIT11B,Lajes Corporativas,0.5300,1547,0.674,0.6300,0.6300,0.6300,0.6300,,0.0000,0.0000,84.6700,130.5600,348,29.849726723528
DVFF11,Fundo de Fundos,0.0650,45577.38,0.7967,1.0700,1.0525,12.6300,3.5300,3.9123,2.9260,1.8364,6.1000,7.8700,1908,24.876455493468
EDFO11B,Lajes Corporativas,1.2787,7938.5,0.5583,0.0000,0.0000,0.0000,0.0000,,0.0000,0.0000,,210.4700,490,181.93250260017
EDGA11,Lajes Corporativas,0.0900,5750.29,0.262,0.5400,0.4450,5.3400,1.8900,6.4617,6.0940,5.5242,16.8100,64.9100,4168,21.770499837034
EGAF11,Indefinido,1.2570,649053.86,0.908,1.4700,1.3142,15.7700,4.4600,1.6690,4.3667,2.8547,85.3900,98.9400,11234,13.590810332965
ENDD11,Indefinido,0.0791,196693.9,0,0.0800,0.6773,7.4500,10.3800,16.2590,-9.7585,-9.8307,98.5100,,0,13.389226669466
EQIA11,Fiagro,0.4503,,0,,,,,,,,,,0,
EQIR11,Indefinido,0.1000,131976,0.8528,1.2600,1.2258,14.7100,3.9300,20.5518,10.6049,9.2287,7.9300,9.3100,10419,17.641464507222
ERCR11,Varejo,146.5025,,0.5959,0.9300,1.3950,16.7400,0.9300,0.9300,0.9300,0.0000,15707.8500,26382.7300,10,25.216926991221
ERPA11,Lajes Corporativas,0.8300,12.67,0.8359,0.6200,0.4792,5.7500,1.8600,4.9982,0.6125,-0.0075,133.9900,159.3100,442,45.964624795551
ESUD11,Indefinido,72.9256,1579.95,0,23.0800,5.7700,23.0800,23.0800,,0.0000,0.0000,315.9900,,0,29.283225139391
ESUT11,Indefinido,67.4877,609.52,0,210.9000,52.7250,210.9000,210.9000,,0.0000,0.0000,32.0000,,0,9.955257046262
ESUU11,Indefinido,63.8380,3200,0,199.4900,49.8725,199.4900,199.4900,,0.0000,0.0000,32.0000,,0,10.592621030417
EURO11,Imóveis Industriais e Logísticos,1.9300,29069.43,0.6887,0.8600,0.8333,10.0000,2.6500,7.1738,4.0263,3.1393,225.0500,329.2100,2148,23.242583603827
EVBI11,Misto,0.1100,32194.42,1.0254,1.0500,0.8208,9.8500,9.8500,23.4775,6.8505,5.7402,10.5000,9.8600,1313,14.992892709637
EXES11,Indefinido,0.1300,247942.81,0.9702,1.3700,0.9725,11.6700,3.9500,8.8181,3.4410,2.0430,9.4900,,508,22.774361753842
FAED11,Educacional,1.6000,54623.81,0.6014,1.1800,1.1067,13.2800,3.5700,4.8934,2.6447,1.4477,135.9500,222.0100,4275,16.815841148484
FAMB11B,Lajes Corporativas,1001.6086,47041.93,0.1761,0.0000,0.0000,0.0000,0.0000,,0.0000,0.0000,,3593.2641,2173,47.009538103694
FAOE11,Indefinido,11.1609,,14.5259,0.0000,0.0000,0.0000,0.0000,,0.0000,0.0000,,,8102,
FATN11,Lajes Corporativas,0.8000,741121.52,0.7638,1.0700,1.0200,12.2400,3.2300,-0.4871,0.1626,-0.8978,75.0600,98.4500,16950,10.582446795511
FCFL11,Educacional,0.8600,210683.67,0.911,0.7800,0.7550,9.0600,2.4300,5.8423,2.7619,1.9666,110.4400,123.1200,3540,15.522605748965
FEXC11,Papéis,0.5000,860137.12,0.0988,0.0000,0.9567,11.4804,0.0000,,0.0000,0.0000,,90.7500,36232,14.56643696571
FGAA11,Indefinido,0.0600,850589.43,0.8827,0.7300,1.2400,14.8800,3.5300,11.8287,8.3372,7.5521,8.2600,9.6300,50144,13.85963538416
FIGS11,Shoppings,0.4500,214643,0.6083,0.9800,0.8783,10.5400,2.9600,0.7318,11.4028,10.3217,45.9600,76.1000,12473,15.903781247964
FIIB11,Imóveis Industriais e Logísticos,3.7500,173194.48,1.0638,0.7500,0.7450,8.9400,2.3000,6.3030,4.0037,3.2295,501.2000,475.4800,15703,13.676769335984
FIIP11B,Imóveis Industriais e Logísticos,1.4000,1172.8,0.7438,0.9300,0.8900,10.6800,3.0400,7.1106,12.4181,11.3823,150.6000,198.8400,6586,11.961126885575
FISC11,Lajes Corporativas,0.5000,660.52,0.534,0.7900,0.5992,7.1900,2.2700,2.9682,-0.0599,-0.8432,63.5000,114.2400,210,92.604098429343
FLCR11,Papéis,1.1000,28640.29,1.0408,1.1400,1.2917,15.5000,3.9800,8.8584,1.7740,0.6269,96.3100,94.2300,3018,11.115768494844
FLFL11,Fundo de Desenvolvimento,0.1800,,0,0.0000,0.0000,0.0000,0.0000,,0.0000,0.0000,,,1,
FLMA11,Lajes Corporativas,0.7900,86766.29,0.5723,0.6100,0.8033,9.6400,2.2400,4.6692,1.8427,1.2252,129.7100,220.3300,12781,19.866263182742
FLRP11,Shoppings,14.0000,21978.29,0.9804,0.7500,0.6433,7.7200,2.2600,3.9758,4.2815,3.5052,1876.0000,2034.9200,794,36.42805489815
FMOF11,Lajes Corporativas,0.2300,5073.67,0.5173,0.6400,0.2983,3.5800,2.6200,-28.6817,-27.4353,-27.8967,36.0300,115.9900,251,66.921625169881
FPAB11,Lajes Corporativas,1.3500,297959.62,0.5647,0.7800,0.4842,5.8100,2.2400,-10.4499,-4.0177,-4.7606,173.6500,354.1800,747,49.862868527263
FRHY11,Indefinido,1.0300,,0,0.0000,0.0000,0.0000,0.0000,,0.0000,0.0000,,,7,
FVPQ11,Shoppings,0.5000,46254.14,0.2928,1.0000,0.8508,10.2100,3.5500,10.8879,8.5088,7.4345,50.0000,173.9100,4091,25.446242812555
FZDA11,Indefinido,1.0530,453.29,0.721,0.8300,0.8300,0.8300,0.8300,7.6085,7.6085,6.7227,127.0000,223.8400,326,65.41108542939
FZDB11,Indefinido,3.9140,531.52,0.7575,3.4900,3.4900,3.4900,3.4900,,0.0000,0.0000,112.0000,99.9900,111,36.755369644888
GAME11,Indefinido,0.0950,668307.38,0.9267,1.1500,1.0858,13.0300,3.4300,5.6463,4.3109,3.1250,8.2500,9.2800,22797,12.044005587479
GARE11,Imóveis Industriais e Logísticos,0.0830,4643414.1,0.9368,1.0500,1.0592,12.7100,3.2500,-4.1182,4.2161,3.1332,7.9000,,326345,14.938382480631
GCFF11,Fundo de Fundos,3.0670,87694.83,1.086,0.0000,0.0000,0.0000,4.2700,,0.0000,0.0000,,77.3100,8102,1.147002013467
GCOI11,Indefinido,0.8059,1178.43,1.0587,0.0000,0.0000,0.0000,0.0000,,0.0000,0.0000,,,371,
GCRA11,Indefinido,0.6400,91009.1,0.6049,1.2800,1.2575,15.0900,3.9600,22.9239,9.4129,8.0301,50.1800,85.6600,7598,24.062514382644
GCRI11,Papéis,0.8700,170683.81,0.7211,1.4000,1.3858,16.6300,4.4300,14.7703,12.4402,10.8877,62.3300,88.7700,4365,17.856488114778
GESE11B,Educacional,1112.7198,,23.8207,0.0000,0.0000,0.0000,0.0000,,0.0000,0.0000,,1119.0800,8102,
GGRC11,Imóveis Industriais e Logísticos,0.1000,2393373.71,0.8806,1.0600,0.9442,11.3300,3.0900,0.6742,5.8724,4.7619,9.4600,11.3100,151904,13.41098599616
GLOG11,Imóveis Industriais e Logísticos,0.4100,234465.52,0.5164,0.8500,0.8467,10.1600,2.6200,-11.9864,-1.4062,-2.2371,48.0700,,2193,24.102399741534
GRUL11,Logística,0.1100,343995.76,0.8285,1.4200,1.8525,7.4100,4.6200,7.4573,10.0605,8.5196,7.7700,,4737,40.712857813744
GRWA11,Indefinido,0.1000,6576.57,0.9251,1.1100,1.1275,13.5300,3.4400,9.8250,7.1837,6.0071,9.0000,10.0200,2506,26.932971796852
GSFI11,Shoppings,0.0007,369450.24,0.6032,0.0276,0.0023,0.0276,0.0276,0.0276,0.0276,0.0000,2.5100,11.9008,6900,17.462311408102
GTLG11,Imóveis Industriais e Logísticos,60.6178,22885.25,1.0028,0.0000,0.0000,0.0000,37.5900,,0.0000,0.0000,,60.6200,8102,34.612044456026
GTWR11,Lajes Corporativas,0.8300,705485.48,0.7166,1.2400,1.0983,13.1800,3.6600,-0.3945,-0.2675,-1.4890,66.8200,99.6200,36748,15.14974181073
GURB11,Indefinido,0.7000,5000076,0.9365,0.6500,0.0000,0.0000,0.6500,,0.0000,0.0000,108.0000,,1,1.171764507553
GZIT11,Indefinido,0.7800,708338.38,0.5286,1.6400,1.7242,20.6900,5.5700,35.8048,15.4834,13.6201,47.5500,,6887,29.952988814759
HAAA11,Lajes Corporativas,0.0800,348.38,0.3306,0.3200,0.3225,3.8700,2.0900,-20.5395,-1.3291,-1.6438,25.1300,74.6000,229,41.135105467542
HABT11,Papéis,1.0800,723178.33,0.8785,1.4200,1.3250,15.9000,4.4000,10.5162,10.4400,8.8937,75.7900,93.6800,64075,17.49205655968
HBCR11,Indefinido,5.0000,579862.29,1.1116,3.6200,0.8592,10.3100,6.9900,13.3251,3.6200,0.0000,138.0000,,32,37.428168621489
HBRH11,Lajes Corporativas,0.5000,14627,0.8009,0.5500,0.7683,9.2200,9.2200,2.4597,1.5601,1.0045,91.5000,112.2300,720,13.976304501315
HCHG11,Papéis,0.7200,84235.24,0.7756,1.0100,1.1667,14.0000,3.9900,7.8229,4.3628,3.3193,71.2800,95.0700,617,32.331790165593
HCRA11,Indefinido,0.1700,160.71,0,1.8900,7.6683,92.0200,86.8400,-60.7969,15.7841,13.6364,9.0000,0.0000,0,121.62040341372
HCRI11,Hospitalar,2.7500,40929.9,0.6781,1.1300,1.0542,12.6500,3.1100,1.2767,4.9572,3.7845,243.2500,325.9300,3032,33.745835674943
HCTR11,Papéis,0.3200,1974531.67,0.2065,1.5700,1.6742,20.0900,7.2100,-16.3090,-3.3278,-4.8221,20.3300,101.0800,143549,43.221607453185
HDEL11,Imóveis Industriais e Logísticos,11.6000,37.71,2.2495,11.8400,3.5033,21.0200,11.8400,-0.3607,-0.3607,-10.9091,98.0000,,111,79.695181562963
HFOF11,Fundo de Fundos,0.5600,2402455.38,0.8395,1.0600,0.9617,11.5400,3.1200,-3.0351,0.9453,-0.1135,52.8100,65.2200,72293,13.804118520863
HGAG11,Indefinido,0.1900,1729.05,0.632,1.4600,1.0067,12.0800,2.3300,-3.2396,43.3674,41.3043,13.0000,23.7200,1173,98.133076437347
HGBL11,Misto,0.0720,1091783.19,0.902,0.8300,1.3242,15.8900,2.9300,-11.3727,0.9458,0.1148,8.7200,,4261,25.488119137418
HGBS11,Shoppings,1.6000,2354427.67,0.9056,0.9000,0.8508,10.2100,2.7000,-2.5219,2.8118,1.8948,178.0000,215.3300,126197,13.861825625631
HGCR11,Papéis,1.0500,2148815.43,1.003,1.1000,1.0167,12.2000,3.3000,6.2565,9.2634,8.0745,95.7000,95.6100,100995,14.859830338043
HGFF11,Fundo de Fundos,0.6800,282458.52,0.8992,1.0000,1.0258,12.3100,4.0200,3.7952,5.7627,4.7155,67.7300,77.1600,15393,17.370372428359
HGIC11,Papéis,0.5905,21082.81,0.6701,0.9100,1.1025,13.2300,3.3500,-22.6598,-10.3991,-11.2071,64.7300,108.9400,537,60.623106902961
HGLG11,Imóveis Industriais e Logísticos,1.1000,5793876.52,0.9372,0.7400,0.7267,8.7200,2.1900,3.4668,0.2834,-0.4532,149.3600,162.6100,495982,13.17660455625
HGPO11,Lajes Corporativas,57.0500,198780.76,0.8508,48.2200,4.8533,58.2400,62.3600,93.7917,55.7093,5.0528,118.3000,155.6100,10349,11.315702656663
HGRE11,Lajes Corporativas,0.8500,1423732.33,0.7127,0.8500,0.7992,9.5900,2.4900,3.0664,3.7291,2.8548,100.1600,154.3400,143784,19.393672106053
HGRS11,Imóveis Residenciais,29.3210,,0,0.0000,0.0000,0.0000,0.0000,,0.0000,0.0000,,92.8601,8102,
HGRU11,Misto,0.9000,4729406.43,0.9405,0.7900,0.8433,10.1200,3.2700,6.1214,4.7562,3.9351,114.1000,126.5200,213976,12.829908472856
HILG11,Indefinido,1.4442,9.43,0.964,0.7300,0.4250,5.1000,2.7800,2.8047,0.7300,0.0000,197.2400,,104,10.758702026307
HLOG11,Imóveis Industriais e Logísticos,0.6500,64438.67,0.7116,0.8500,0.5792,6.9500,2.1800,-5.7881,-2.3228,-3.1460,76.3500,110.7100,3475,15.930698609556
HOFC11,Lajes Corporativas,0.2100,76560.05,0.3815,0.6500,0.6500,0.6500,2.0000,64.8895,74.9586,73.8288,32.2800,,5845,45.5807108936
HOSI11,Imóveis Residenciais,0.6329,22279.33,0.9227,0.7800,0.7317,8.7800,2.3300,-9.7913,-2.6073,-3.3610,81.3700,92.1200,1246,39.750952553209
HPDP11,Shoppings,0.5600,2403805.14,0.9441,0.6300,0.5833,7.0000,1.9700,3.9981,0.9388,0.3069,88.2500,93.4100,385,22.487356666845
HRDF11,Fundo de Desenvolvimento,6.8000,111.05,0.3881,0.0000,0.0000,0.0000,0.0000,,0.0000,0.0000,,,969,52.87155952609
HREC11,Papéis,0.0900,843423.9,0.9883,1.1900,1.0367,12.4400,3.4700,0.8493,4.6412,3.4106,7.5800,8.5400,2737,18.154033445828
HRES11,Imóveis Residenciais,2.2029,477.6,1.1478,1.4900,1.3767,4.1300,3.0600,1.9714,1.4900,0.0000,147.6400,,132,32.387237677893
HSAF11,Papéis,0.9500,229053.05,0.9289,1.2100,1.2517,15.0200,4.3700,16.9495,14.2552,12.8893,78.3000,86.9300,9153,24.739070304506
HSLG11,Imóveis Industriais e Logísticos,0.6500,461607.43,0.7938,0.9100,0.9108,10.9300,2.8200,-5.0494,2.4249,1.5012,71.6700,103.6800,40899,18.241836079899
HSML11,Shoppings,0.6500,2232027.19,0.7606,0.8500,0.9267,11.1200,2.8800,-0.9000,6.6626,5.7636,76.5200,109.3700,193173,16.921719539039
HSRE11,Misto,0.6500,3230117.38,1.115,0.6400,0.8733,10.4800,2.4800,8.4998,1.7391,1.0921,100.9000,91.4700,341,21.662605720485
HTMX11,Hotéis,0.9817,994653.86,0.992,0.6600,1.3208,15.8500,4.0400,5.1271,-3.4056,-4.0389,148.0200,145.4400,37869,23.197326877124
HUCG11,Hospitalar,0.2200,496.33,0.9987,0.2000,0.0000,0.0000,0.2000,8.2160,8.2160,8.0000,108.0000,,236,58.404312315905
HUSC11,Hospitalar,0.9000,5917.33,0.6273,0.9300,0.8317,9.9800,2.9700,1.0732,9.7365,8.7254,97.0700,152.3700,755,49.364169231785
HUSI11,Hospitalar,8.4182,115.29,0.9874,0.0000,0.5317,6.3800,0.7100,,0.0000,0.0000,,1245.6900,103,63.198828685933
IAAG11,Indefinido,0.1000,90212.81,0.7889,1.2500,1.1258,13.5100,3.9400,-4.4948,4.9270,3.6316,7.9900,9.7100,13310,26.767988261199
IAGR11,Indefinido,0.0060,29097.71,0.6354,0.1600,0.3883,4.6600,0.5700,32.3304,17.3750,17.1875,3.7500,6.3900,3824,40.263292763389
IBBP11,Indefinido,0.0714,379.57,1.0782,0.8200,1.2850,2.5700,2.5700,0.8736,0.0134,-0.8000,8.6800,,388,29.168515154026
IBCR11,Papéis,0.9000,257456.67,0.6518,1.5300,1.4117,16.9400,4.8200,12.9682,14.6112,12.8840,58.7900,92.3300,3709,17.547341921365
IBFF11,Fundo de Fundos,14.7925,162549.5,1.0406,0.0000,0.0000,0.0000,6.2500,,0.0000,0.0000,,14.7800,8102,4.204075241659
ICNE11,Imóveis Residenciais,12.7602,,0.801,1.9500,1.1833,14.2000,5.7800,5.8941,1.9500,0.0000,653.9600,,5,132.23343738131
ICRI11,Misto,1.0000,1167795.33,0.9473,1.1400,1.2333,14.8000,4.1400,2.1698,11.0805,9.8285,87.7200,,6626,19.953172567569
IDFI11,Indefinido,1.5607,2592.8,1.25,78.0400,58.9000,706.8000,1043.0400,44259.4346,-18.7032,-54.3379,2.0000,1.6000,617,595.40532971841
IDGR11,Misto,0.0898,332.83,16.6667,5.9900,7.6050,91.2600,5.9900,-48.0441,-48.0441,-50.9804,1.5000,,171,154.57218089406
IDUA11,Imóveis Comerciais - Outros,1.7443,,0.856,2.7100,1.0033,12.0400,7.5000,6.2487,2.7100,0.0000,64.4200,,2,18.716173765691
IFRA11,Indefinido,1.0000,1730041.14,0,1.0800,1.0417,12.5000,3.1800,-4.5045,1.2877,0.2054,92.6700,,0,17.930412744655
IFRI11,Misto,1.0000,2101512.48,0,1.0700,0.9778,8.8000,2.9400,0.6718,3.2489,2.1558,93.3500,,0,18.459248463902
IMOV11,Indefinido,0.0900,,0,0.0000,0.0000,0.0000,0.0000,,0.0000,0.0000,,,13027,
INFA11,Outros,1.0000,,0,10.1800,3.3875,13.5500,11.8000,9.9566,10.1800,0.0000,9.8200,,0,2.619290688636
INFB11,Indefinido,1.0000,57537,0,1.0300,1.4950,2.9900,2.9900,-2.9854,-3.9081,-4.8878,97.4900,,0,43.463858549308
INLG11,Imóveis Industriais e Logísticos,0.7300,191523.1,0.6699,1.1100,0.9867,11.8400,3.4000,-0.9521,1.0333,-0.0758,65.8700,,18197,15.519968964945
INRD11,Fundo de Desenvolvimento,0.6200,55624,0.5609,0.9900,0.8483,10.1800,2.8600,-4.3843,-1.9702,-2.9311,62.5900,,7581,14.442446110827
IRDM11,Papéis,0.8000,2769362.19,0.8708,1.2100,1.2067,14.4800,3.9500,14.9888,9.9027,8.5888,66.2500,81.2800,279820,14.597789132713
IRIF11,Papéis,0.1000,45607.19,0,1.1100,0.7400,2.2200,2.2200,0.8853,0.8853,-0.2222,8.9800,,0,46.151262907967
IRIM11,Indefinido,0.8200,40454.62,0.8027,1.2100,1.2900,15.4800,4.2200,20.1436,10.9797,9.6529,67.9300,84.7100,2567,18.899710611521
ISCJ11,Papéis,0.5875,31.57,0.402,0.7200,0.7033,8.4400,3.7200,-4.7776,-17.2650,-17.8564,81.4700,,50,106.6486791997
ITIP11,Papéis,0.7200,862543.19,0.9915,1.1400,0.9925,11.9100,3.1500,-3.0171,-2.2246,-3.3267,63.3500,66.2600,9438,17.097328006201
ITIT11,Fundo de Fundos,0.6200,641863.24,0.9421,0.9600,0.8758,10.5100,2.8300,0.3450,2.2396,1.2674,64.7200,70.2700,10939,13.993604054219
ITRI11,Shoppings,0.7200,1263446.05,0.8916,1.0100,1.0680,10.6800,3.1400,-3.8490,8.2315,7.1493,71.3400,,17329,19.575981222122
IVCI11,Papéis,1.8200,,0.9873,1.8800,1.9067,5.7200,2.5600,1.7951,1.8800,0.0000,96.8600,,16,3.653515191164
JASC11,Imóveis Comerciais - Outros,0.6400,9523.81,0.8839,0.6200,0.3525,4.2300,1.8800,5.9765,0.6200,0.0000,103.0000,,166,180.98403102866
JBFO11,Papéis,0.0407,82,1.8741,0.2700,9.2708,111.2500,0.2700,-43.6824,-43.6824,-43.8341,15.0300,,366,220.68989124139
JCCJ11,Papéis,0.4225,2125986,0.8088,0.2800,0.2242,2.6900,0.8500,-3.7931,-0.6121,-0.8896,152.6300,,126,176.31443879112
JCIN11,Fundo de Fundos,0.5502,3189171.43,0.9609,0.3700,0.3463,2.7700,1.1500,1.1544,0.3700,0.0000,150.0000,,6,14.540866662328
JFLL11,Imóveis Residenciais,0.5000,75442.95,0.6591,0.7100,0.8283,9.9400,2.2300,-0.6836,-0.6846,-1.3848,70.5000,107.8700,2824,22.479967110299
JGPX11,Indefinido,0.5500,207875.33,0.675,0.9700,1.1958,14.3500,3.0400,-1.9275,9.9769,8.9204,56.9000,93.3300,6502,29.358649183661
JMBI11,Outros,1.0000,1460345.57,0,1.2800,0.7480,3.7400,3.7400,-11.0504,6.7698,5.4204,77.9900,,0,56.319317098402
JPPA11,Papéis,1.0600,95432,0.8962,1.3900,1.3742,16.4900,4.6800,4.1922,5.3433,3.8991,76.2100,94.8500,6996,15.680822762566
JRDM11,Shoppings,7.8276,610682,1.3462,0.0000,0.0000,0.0000,5.0000,,0.0000,0.0000,,88.8400,8102,9.336848512829
JSAF11,Fundo de Fundos,0.0910,1812743.71,0.955,1.3000,1.1417,13.7000,3.9400,-8.1033,11.1597,9.7331,6.9900,8.2200,19101,25.653543093286
JSCR11,Papéis,0.0950,618924.14,0.9273,1.2800,1.1700,8.1900,3.8900,-89.7593,8.1390,6.7723,7.4100,,3348,116.32383766686
JSRE11,Misto,0.4800,1037614.48,0.5812,0.8500,0.8008,9.6100,2.6200,3.2862,7.3238,6.4192,56.2000,101.8500,90016,20.386005408466
JURO11,Indefinido,1.0000,4107603.29,0,1.0400,0.9975,11.9700,2.4000,-1.9546,7.7984,6.6889,96.1800,,0,13.873210723873
KCRE11,Indefinido,0.1000,396125.43,0.9716,1.1800,1.0983,13.1800,3.7000,3.0150,10.0235,8.7404,8.4600,9.1700,14740,16.598959685869
KDIF11,Indefinido,1.5000,2820541.43,0,1.2300,0.9075,10.8900,3.1400,-0.4442,2.9428,1.6919,122.0100,,0,16.837185580861
KDOL11,Misto,0.5300,352663.71,0.901,0.5400,0.6367,1.9100,1.4200,-6.7640,1.5728,1.0272,98.3500,105.6300,2090,27.280742704512
KEVE11,Fundo de Desenvolvimento,28.4358,35120.71,1.6017,3.6300,2.8933,34.7200,6.6600,5.3781,-4.6077,-7.9491,782.8100,613.9700,459,152.6306202998
KFEN11,Indefinido,10.0000,1571.43,1.1793,0.9200,2.0000,2.0000,2.0000,12.3131,12.3131,11.2892,1090.0000,,129,31.544473256189
KFOF11,Fundo de Fundos,0.7500,1172274.48,0.9162,1.0600,0.9775,11.7300,3.2700,1.6883,7.4103,6.2837,71.0400,81.8600,27208,18.556374447442
KINP11,Fundo de Desenvolvimento,2.8952,38394.2,0.1539,0.0000,0.0000,0.0000,19.9500,,0.0000,0.0000,,0.0000,8102,12.738619063346
KISU11,Fundo de Fundos,0.0700,362263,0.9469,1.0000,0.9700,11.6400,3.0600,5.0478,9.2992,8.2171,6.9800,7.5300,112741,17.216351669123
KIVO11,Papéis,0.9000,364239.9,0.7827,1.5000,1.3667,16.4000,4.7400,-6.0493,7.3026,5.7168,60.1000,,6545,26.894833006704
KNCA11,Indefinido,1.2000,2576163.19,0.9463,1.3200,1.1125,13.3500,3.7500,2.9931,9.8700,8.4386,90.9800,101.9800,70946,18.788487771362
KNCR11,Papéis,1.0700,9736987.05,1.0274,1.0600,1.0125,12.1500,3.1300,4.7550,2.5170,1.4417,101.3200,101.6200,388896,11.312781370635
KNHF11,Indefinido,0.9000,5274249.52,0.925,1.0700,1.0408,12.4900,3.3700,7.2713,12.6395,11.4471,84.4100,,42797,18.576524060963
KNHY11,Papéis,1.1000,2919716.14,1.0302,1.1200,1.1225,13.4700,3.5400,3.8887,7.5969,6.4051,98.1800,98.3800,25864,12.278923663591
KNIP11,Papéis,0.9000,6330750.05,1.0011,1.0400,1.0042,12.0500,3.3200,3.0826,4.3847,3.3102,86.4500,90.8300,73592,10.919369925608
KNOX11,Indefinido,2.5519,435183.14,0,2.4700,0.6250,7.5000,7.5000,5.2213,-1.1506,-3.5334,103.2000,,0,17.660425722573
KNPR11,Indefinido,3.3000,,0,0.0000,0.0000,0.0000,0.0000,,0.0000,0.0000,,,593,
KNRE11,Fundo de Desenvolvimento,0.0701,3856.43,0.225,12.5200,0.0000,0.0000,12.5200,-36.9888,-36.9888,-44.0000,0.5600,0.7600,6169,92.93172125246
KNRI11,Misto,1.0000,8447959.62,0.8395,0.7600,0.7142,8.5700,2.2900,5.7258,3.1419,2.3640,132.0700,161.1700,294028,14.826079622574
KNSC11,Papéis,0.0900,4667577.52,0.9977,1.0600,1.0492,12.5900,3.3600,6.0169,7.5106,6.3830,8.5000,8.6800,197407,16.144879442767
KNUQ11,Indefinido,1.2200,2907018.71,1.039,1.2000,1.1033,13.2400,3.5800,5.5190,6.0151,4.7580,101.2800,,36662,13.90948586196
KOPA11,Indefinido,13.2000,337707.1,0.8904,1.4300,1.3425,16.1100,4.4300,17.6800,4.0739,2.6067,923.4600,1022.0400,3572,32.301153048072
KORE11,Lajes Corporativas,1.2500,1971730.76,0.7925,1.6400,1.4242,17.0900,4.9400,1.3028,7.0339,5.3069,76.0000,,22443,27.174278082456
KRES11,Misto,0.0001,,0,0.0000,0.0000,0.0000,0.0000,,0.0000,0.0000,,,131,
LAFI11,Misto,9.2800,7328.14,1.0113,7.9200,7.9200,7.9200,7.9200,,0.0000,0.0000,117.2300,109.8200,156,12.06915033345
LASC11,Shoppings,0.8300,1386116.81,0.703,0.7800,0.5158,6.1900,1.5900,-0.7227,-2.9580,-3.7090,106.9600,142.2400,395,20.84610201035
LAVF11,Indefinido,1.3000,,0,0.0000,0.0000,0.0000,0.0000,,0.0000,0.0000,,,8102,
LFTT11,Papéis,2.0946,28338.24,0.5945,21.7100,1628634.1058,19543609.2700,31.7000,31.2840,52.5327,25.3247,9.6500,15.2900,610,93.455393663778
LGCP11,Imóveis Industriais e Logísticos,0.8000,163106.04,0.6514,1.1300,0.8983,10.7800,10.7800,-7.0521,-6.1680,-7.2165,71.1000,101.3200,19183,9.471270541385
LIFE11,Imóveis Comerciais - Outros,0.1200,732990.33,0.9002,1.4200,1.5033,18.0400,4.5500,-0.0935,2.6303,1.1933,8.4800,,14746,25.040656346489
LLAO11,Misto,7.3102,7019.57,1.228,11.3200,1.9186,13.4300,11.3200,8.9745,8.9745,-2.1070,64.5800,,77,131.65188401025
LOFT11B,Fundo de Desenvolvimento,47.8954,,12.563,0.0000,0.0000,0.0000,142.9600,,0.0000,0.0000,,,8,
LPLP11,Indefinido,0.5737,500,1.3117,0.1500,1.5350,18.4200,7.4500,7.6061,0.1500,0.0000,386.6800,,11,54.369500657363
LSAG11,Indefinido,1.0700,66275,0.7734,1.5700,1.4475,17.3700,4.8600,-5.9214,5.6080,3.9755,68.0000,97.9900,2852,19.551191342939
LSOI11,Misto,0.1000,,9.1991,0.0000,0.0000,0.0000,0.0000,,0.0000,0.0000,,,9,
LSPA11,Papéis,20.8500,453.61,1.1461,86.8400,25.2608,303.1300,299.4500,153.7277,86.8400,0.0000,24.0100,,727,78.648993150969
LTMT11,Imóveis Residenciais,8.3791,7850.38,1.0047,8.8000,8.8000,8.8000,8.8000,,0.0000,0.0000,95.1900,,228,33.408296642284
LUGG11,Fundo de Desenvolvimento,0.5900,23956,0.5527,0.8800,0.7692,9.2300,9.2300,-10.0843,-2.3504,-3.2022,67.4100,117.6000,7962,10.066671453741
LVBI11,Imóveis Industriais e Logísticos,0.8300,2261221.38,0.8418,0.8600,0.8500,10.2000,2.6800,5.2297,9.8741,8.9372,96.6600,124.7900,131796,20.313479183871
MALL11,Shoppings,0.8500,3680681.86,0.8198,0.9000,0.8192,9.8300,2.6400,3.2744,3.8970,2.9703,94.6400,122.3100,130380,14.442586453967
MANA11,Indefinido,0.1000,943510.33,0.9339,1.2300,1.2483,14.9800,3.9900,5.8662,6.7445,5.4475,8.1300,,19647,16.205011753991
MATV11,Indefinido,0.6000,13027.43,1.3576,0.7300,0.0000,0.0000,3.1100,-1.0827,-0.6904,-1.4101,82.5000,91.0900,8102,0.366183356078
MAXR11,Varejo,0.3100,1074867.38,0.625,0.5300,2.7508,33.0100,1.6100,-2.3804,2.0390,1.5010,58.8300,104.3300,4663,18.02867699053
MBRF11,Lajes Corporativas,0.5000,,0,0.0000,0.0000,0.0000,0.0000,,0.0000,0.0000,,1136.0082,0,
MCCI11,Papéis,0.9000,2211531.48,0.9182,1.0900,1.0217,12.2600,3.3700,14.8513,13.3130,12.0912,82.6000,91.2200,102427,22.730618429405
MCEM11,Shoppings,2.7700,744.29,1.6756,2.5200,2.5200,2.5200,2.5200,,0.0000,0.0000,109.9900,,15,16.395966365905
MCHF11,Papéis,2.5886,1778820.09,0.1426,0.0000,0.0000,0.0000,1.5100,,0.0000,0.0000,,10.3800,8102,7.841490177705
MCHY11,Papéis,0.1000,4789731.61,0.7158,1.3900,1.1575,13.8900,13.8900,-21.9389,-11.0049,-12.2249,7.1800,9.5000,93666,26.953151441322
MCRE11,Papéis,0.1100,2954724.29,0.8431,1.2800,1.2500,15.0000,4.0700,30.0809,12.7233,11.2987,8.5700,,83628,23.132301497881
MFAI11,Fundo de Fundos,34.1800,11326.82,0.9916,48.8400,4.4825,53.7900,56.2400,89.7503,52.7919,2.6551,69.9800,0.0000,2301,28.60480687789
MFII11,Fundo de Desenvolvimento,1.1100,850018.1,0.8153,1.3300,1.2975,15.5700,4.0600,-3.3167,7.1915,5.7846,83.3900,103.0300,33298,21.253906045907
MGCR11,Papéis,0.3329,259145.59,0.1473,0.0000,0.0000,0.0000,8.0000,,0.0000,0.0000,,9.7800,8102,14.563328514779
MGFF11,Fundo de Fundos,4.2605,2558695.75,1.0969,0.0000,0.0000,0.0000,0.0000,,0.0000,0.0000,,73.5400,8102,8.068261594772
MGHT11,Hotéis,0.1300,22802.81,0.4839,0.4200,0.3958,4.7500,7.0600,-26.9285,-14.0650,-14.4244,30.8500,50.8100,4948,56.425887048844
MGLG11,Imóveis Industriais e Logísticos,0.3500,55314.19,0.549,0.8600,0.9742,11.6900,0.8600,-2.7662,-2.7662,-3.5952,40.4900,61.5542,3712,27.794577979683
MGRI11,Indefinido,1.4200,,0.8154,2.4400,1.1733,14.0800,6.8400,6.9955,2.4400,0.0000,58.1800,,1,7.035462490528
MINT11,Educacional,14.6723,2171.2,0.9931,15.2000,7.6000,15.2000,19.7700,14.9526,8.4566,-5.8537,96.5000,,94,24.670157910227
MMPD11,Indefinido,0.5079,,0,0.0000,0.0000,0.0000,0.0000,,0.0000,0.0000,,,102,
MORC11,Papéis,3.0792,1741368.33,1.4084,0.0000,0.0000,0.0000,1.0300,,0.0000,0.0000,,97.7300,8102,3.251079155659
MORE11,Fundo de Fundos,6.0224,1327577.67,1.1943,0.0000,0.0000,0.0000,0.0000,,0.0000,0.0000,,86.8700,8102,2.673784466879
MXRF11,Papéis,0.0900,11001609.81,0.9946,1.0000,1.0292,12.3500,3.1000,3.2468,0.6645,-0.3322,9.0000,9.1900,1273334,12.643825578649
NAVT11,Papéis,0.7000,63696.52,0.8446,1.0800,1.2408,14.8900,3.4400,10.2598,7.6142,6.4644,64.5600,78.3300,2858,33.21827574989
NCHB11,Papéis,0.1050,73432.38,0.8174,1.3300,1.2425,14.9100,4.0200,9.9335,12.4620,10.9859,7.8800,9.7500,11451,17.184051323372
NCRA11,Indefinido,0.1000,41412.86,0.7278,1.4100,1.2483,14.9800,3.2500,3.7136,-0.2732,-1.6598,7.1100,10.5800,8669,19.895123192222
NCRI11,Papéis,0.1000,1281.9,0.835,1.2600,1.2100,14.5200,3.8400,6.8538,4.2846,2.9870,7.9300,,997,37.274707128077
NELO11,Logística,29.6330,,0,0.0000,0.0000,0.0000,0.0000,,0.0000,0.0000,,1322.0900,2,
NEWL11,Imóveis Industriais e Logísticos,0.9500,1793926.95,0.7293,1.0600,0.9158,10.9900,3.0500,-10.3577,-2.0286,-3.0562,89.4500,130.2700,8884,17.492377122974
NEWU11,Lajes Corporativas,0.0700,98595.14,0.9801,0.1000,0.0958,1.1500,0.3300,-8.1827,-4.0204,-4.1163,72.9100,77.5400,1165,58.108853861273
NEXG11,Agricultura,0.9500,214123.29,1.2995,0.7400,0.6892,8.2700,2.0700,5.5418,1.1414,0.3984,128.5100,99.2700,606,45.971340633717
NSLU11,Hospitalar,1.5600,100827.52,0.7487,1.0700,0.9700,11.6400,3.2400,-1.0334,4.3485,3.2438,146.0900,209.6300,5605,20.547169436643
NUIF11,Indefinido,1.0000,58479.67,0,1.1600,1.0183,12.2200,3.4600,-5.3186,4.7407,3.5396,86.0000,,0,27.464381794125
NVHO11,Hospitalar,0.0860,1584.48,0.7232,0.7100,0.7275,8.7300,2.2200,-0.1393,14.0943,13.2900,12.1900,16.5800,1890,60.844268377434
NVIF11B,Fundo de Desenvolvimento,1.1114,,0.8641,0.0000,0.0000,0.0000,0.0000,,0.0000,0.0000,,263.2800,7,
NVRP11,Indefinido,64.7273,524.09,0,51.7800,51.7800,51.7800,51.7800,,0.0000,0.0000,125.0000,,0,191.69063210644
OBAL11,Imóveis Residenciais,72.4432,52.14,0.9282,7.3400,7.3400,7.3400,7.3400,,0.0000,0.0000,987.0900,,108,62.054945418906
OCRE11,Papéis,0.5518,18179.43,0.8716,0.6200,0.6367,7.6400,2.0700,-1.0428,-5.1913,-5.7755,89.2400,,474,54.777263952833
OGHY11,Indefinido,9.3992,22847.1,0.1367,0.0000,0.0000,0.0000,0.9900,,0.0000,0.0000,,,8102,57.139871256465
OGIN11,Misto,0.0800,132740.62,0,0.9700,1.1783,14.1400,2.0200,-15.0434,-12.3016,-13.1441,8.2600,,0,19.076249877513
OIAG11,Indefinido,0.1050,68748.81,0.7921,1.3500,1.2858,15.4300,4.1000,9.3501,9.3513,7.8947,7.7900,9.8600,12752,15.845442885474
ONEF11,Lajes Corporativas,2.8490,114431.47,3.1348,0.0000,0.0000,0.0000,0.0000,,0.0000,0.0000,,182.7900,8102,9.397628254804
OPTM11,Misto,0.1400,,0,0.0000,0.0000,0.0000,0.0000,,0.0000,0.0000,,,15,
ORPD11,Fundo de Desenvolvimento,1.3793,402.75,0.6528,0.0000,0.0000,0.0000,0.0000,,0.0000,0.0000,,124.6841,6,24.80391854123
OUFF11,Fundo de Fundos,0.7558,264340.11,0.9575,1.2500,0.4317,5.1800,7.1000,-4.0100,-0.2037,-1.4358,60.4100,78.5500,8102,11.669894614204
OUJP11,Papéis,0.9300,408529.9,0.8196,1.3200,1.2125,14.5500,4.4500,-1.3054,8.3235,6.9122,70.5300,98.5600,25415,19.86777930087
OULG11,Imóveis Industriais e Logísticos,0.7650,1388679.62,0.5891,2.3100,0.1925,2.3100,2.3100,4.5815,4.5815,2.2202,33.1500,61.6800,3806,14.432871724039
OURE11,Misto,1.0850,224923.68,1.2255,1.3900,0.5333,6.4000,8.6800,19.4212,5.2834,3.8400,77.8800,100.4300,8102,12.490112856705
PABY11,Fundo de Desenvolvimento,0.1325,223.86,0.2271,,,,,,,,,251.4213,553,59.2635316418
PATA11,Misto,0.0961,3588.38,1.0743,0.9500,1.0417,6.2500,3.5800,-0.3263,-0.4302,-1.3672,10.1000,,195,64.552619789747
PATB11,Lajes Corporativas,6.8101,,0,0.0000,0.0000,0.0000,0.0000,,0.0000,0.0000,,,1,
PATC11,Fundo de Desenvolvimento,0.1500,1549425.95,0.8591,0.4200,0.3508,4.2100,1.2700,6.3954,1.1232,0.7003,35.9500,41.3000,6104,15.008259912343
PATL11,Imóveis Industriais e Logísticos,0.5700,290994,0.4955,1.2800,1.1133,13.3600,3.8200,4.2890,5.2615,3.9311,44.6800,96.4500,25327,20.558812134799
PCAS11,Indefinido,428.5714,,0,0.0000,0.0000,0.0000,0.0000,,0.0000,0.0000,,,100,
PEMA11,Papéis,0.4440,195.1,0.5552,1.4600,0.9917,11.9000,3.8800,4.3412,-9.2404,-10.5464,30.4500,,302,108.86721366029
PFIN11,Indefinido,1.3000,601710.24,0,1.9700,0.4100,4.9200,4.9200,2.4894,-8.7760,-10.5384,66.1300,,0,15.887274377692
PICE11,Indefinido,0.4000,438121.38,0,1.1500,0.3700,4.4400,1.1500,-7.5579,-7.5579,-8.6089,34.8200,,0,46.822641311858
PLAG11,Indefinido,0.4600,1477789.14,0.7841,1.1200,1.0100,12.1200,3.2800,-1.9167,1.2433,0.1220,41.0500,,17348,11.7182957814
PLCA11,Indefinido,1.0000,61742.95,0.7885,1.4300,1.2725,15.2700,4.4700,5.9004,8.3926,6.8644,69.9000,94.2300,2662,16.546291329357
PLCR11,Papéis,0.8500,172281.14,0.8807,1.1700,1.0333,12.4000,3.6100,1.2392,4.6168,3.4070,72.5400,90.7200,15095,19.944752934934
PLOG11,Imóveis Industriais e Logísticos,0.7000,70165.04,0.629,0.9900,1.0108,12.1300,4.0900,0.5538,3.0226,2.0127,70.9600,100.3948,3284,16.625047460129
PLRI11,Papéis,1.8862,12853.24,0.9001,12.8300,5.1533,61.8400,27.8800,22.8367,58.7178,40.6699,14.7000,18.1100,703,220.19430582853
PMFO11,Misto,0.8400,7498.33,0.9955,1.0300,0.5483,6.5800,2.9200,-4.9098,-6.6819,-7.6332,81.8000,,195,196.22689699382
PMIS11,Misto,0.0900,316142.14,0.8696,1.1700,1.1567,13.8800,3.6400,-3.6050,11.6509,10.3597,7.6700,,7393,32.737855264583
PNCR11,Imóveis Residenciais,1.6778,2.96,1.227,2.4400,1.7383,20.8600,8.5400,24.5362,2.4400,0.0000,68.6500,,113,184.37420922361
PNDL11,Fundo de Desenvolvimento,3.0000,45378.81,1.0457,0.0000,0.0000,0.0000,0.0000,,0.0000,0.0000,,,56,132.95074075561
PNPR11,Fundo de Desenvolvimento,19.0500,7.81,1.4088,25.2300,8.4100,25.2300,25.2300,,0.0000,0.0000,75.5000,,19,181.68415351201
PNRC11,Indefinido,0.4700,105,1.8943,0.4600,2.1492,25.7900,0.4600,0.4600,0.4600,0.0000,102.5200,,105,215.38961015253
PORD11,Papéis,0.0900,412876.38,0.8501,1.1700,1.1333,13.6000,3.4700,5.2879,7.0067,5.7692,7.7000,9.5400,39436,17.828627182214
PPEI11,Indefinido,4.0000,166839.38,0,5.0900,1.5450,9.2700,9.2700,-1.3601,-13.6517,-17.8340,78.6000,,0,21.645941774207
PQAG11,Imóveis Industriais e Logísticos,0.4700,457451.19,0.9731,0.8500,0.8317,9.9800,2.5200,1.5889,2.6449,1.7798,55.4700,57.5500,475,22.677127446853
PQDP11,Shoppings,19.0000,537406.62,0.658,0.9200,0.8967,10.7600,2.7100,8.8331,1.2389,0.3159,2060.6300,3343.4100,3447,24.09837112426
PRIF11,Indefinido,1.0000,3006.24,0,0.9500,0.9500,0.9500,0.9500,,0.0000,0.0000,105.0000,,0,21.870306363574
PRSV11,Lajes Corporativas,14.1000,1598.19,0.3259,3.6200,0.0000,0.0000,7.0800,19.5444,5.7901,2.0942,390.0000,364.2296,836,58.137442449553
PRTS11,Shoppings,0.0549,,1.8445,0.0000,0.0000,0.0000,0.0000,,0.0000,0.0000,,,8102,
PULV11,Papéis,0.1000,20747.86,0.834,1.3100,0.8200,9.8400,3.7600,0.5181,-7.7463,-8.9392,7.6400,,801,80.163740906189
PVBI11,Lajes Corporativas,0.5000,3433530.33,0.742,0.6600,0.7225,8.6700,2.1600,9.1307,7.9361,7.2284,76.1000,104.8500,159903,19.985668650185
QAGR11,Indefinido,0.4600,258464.62,0.7841,1.1200,1.0100,12.1200,3.2800,-1.9167,1.2433,0.1220,41.0500,60.5700,17348,9.703106848668
QAMI11,Papéis,1.0000,22339.67,1.3271,1.1700,0.0000,0.0000,11.3200,14.2215,7.9417,6.6934,85.1200,92.8000,8102,222.24311012942
QIRI11,Papéis,89.6379,6867.57,1.223,0.0000,0.0000,0.0000,6.9000,,0.0000,0.0000,,89.6100,8102,9.645270602362
QNTS11,Indefinido,0.6500,,0,0.0000,0.0000,0.0000,0.0000,,0.0000,0.0000,,,136,
RBCO11,Lajes Corporativas,0.5000,,0,0.0000,0.0000,0.0000,0.0000,,0.0000,0.0000,,90.2202,0,
RBDS11,Fundo de Desenvolvimento,2.3541,272.76,0.1446,11.2100,0.0000,0.0000,11.2100,-45.7260,-45.7260,-51.1968,21.0000,22.9843,867,101.04943831178
RBED11,Educacional,0.6832,28351.38,0.9399,0.7300,1.4275,17.1300,1.7200,-7.0396,0.3883,-0.3393,94.0000,0.0000,10734,17.530224149434
RBFF11,Fundo de Fundos,0.5100,490924.38,0.9305,1.1000,0.9683,11.6200,3.3100,-1.9104,5.8384,4.6868,46.4600,56.2600,24605,23.9531124793
RBGS11,Shoppings,0.1766,,0.4459,0.6200,0.0000,0.0000,0.6200,-1.2883,-1.2883,-1.8966,28.4500,90.7841,8102,
RBHG11,Papéis,0.8000,266078.57,0.8138,1.2100,1.1675,14.0100,3.6900,-8.6790,3.7355,2.4954,66.1300,86.6500,9907,20.317957832775
RBHY11,Papéis,1.0500,390354.14,0.9044,1.3900,1.2800,15.3600,4.1600,1.2280,2.7096,1.3015,75.5000,92.4700,3299,17.613310207238
RBIF11,Indefinido,0.9700,280943.95,0,1.3900,1.0933,13.1200,4.0200,-3.3726,9.1124,7.6166,69.9400,,0,22.468386238545
RBIR11,Fundo de Desenvolvimento,1.3000,159049.29,0.8771,1.6300,0.8242,9.8900,4.5600,1.8892,2.8552,1.2056,79.7500,,1502,18.752288502892
RBLG11,Imóveis Industriais e Logísticos,0.4500,2567.67,0.7119,0.8500,0.8750,10.5000,3.4500,-18.6055,-4.2570,-5.0640,52.6800,69.0000,250,171.4288335064
RBOP11,Lajes Corporativas,3.5000,30187.29,0.2675,0.9700,0.5808,6.9700,15.8800,77.0686,0.5667,-0.3995,361.5400,,3354,47.979751774431
RBRD11,Varejo,0.5000,48466.9,0.5938,1.4300,1.1458,13.7500,4.4300,7.1387,-1.7274,-3.1128,34.8600,64.0100,7667,23.326111615601
RBRF11,Fundo de Fundos,0.0600,3191364.38,0.7867,0.9300,1.0433,12.5200,3.6600,13.8970,4.6442,3.6800,6.4800,8.2500,123818,18.626486036709
RBRI11,Fundo de Desenvolvimento,60.5000,3580.1,1.1399,6.4500,3.6211,32.5900,23.4000,71.1395,29.7665,21.9037,938.5000,,110,249.74177398542
RBRL11,Imóveis Industriais e Logísticos,0.7500,263282.48,0.6844,1.1500,1.0208,12.2500,3.4800,3.8233,10.0889,8.8373,65.1500,106.2600,13760,20.16642802806
RBRM11,Fundo de Desenvolvimento,5302.0190,,17.8791,0.0000,0.0000,0.0000,0.0000,,0.0000,0.0000,,,54,
RBRP11,Lajes Corporativas,0.4100,1506654.19,0.6054,0.9700,1.0533,12.6400,3.0800,-10.2756,3.9332,2.9347,42.0900,74.1700,72283,23.26511842553
RBRR11,Papéis,0.9500,1892736.62,0.9274,1.1600,1.0550,12.6600,3.4100,10.3589,11.7812,10.4994,82.0900,91.0100,122517,15.882415085829
RBRS11,Fundo de Desenvolvimento,0.0700,77376.67,0.3554,0.2200,0.4200,0.4200,0.4200,-35.3627,-6.2664,-6.4721,32.3700,94.5400,1059,31.755342560498
RBRX11,Indefinido,0.0800,722239.86,0.8265,1.0100,1.1100,13.3200,3.2000,17.1768,11.1391,10.0279,7.9000,,12889,17.12452442846
RBRY11,Papéis,1.0500,2715540.9,0.9749,1.1700,1.1100,13.3200,3.5900,20.5207,9.7576,8.4883,89.8500,95.7100,59539,15.619396860065
RBTS11,Fundo de Desenvolvimento,28.6600,273.43,0.9897,7.0200,5.5092,66.1100,11.2500,-25.3186,-29.1051,-33.7555,408.5100,443.5900,142,70.421562636151
RBVA11,Varejo,0.9000,1958820.57,0.7848,1.1600,1.0267,12.3200,3.3600,-12.1591,-0.0298,-1.1762,77.3000,106.6500,68582,16.316260529678
RBVO11,Papéis,5.6550,1143.43,0.9517,106.3000,11.1783,134.1400,168.1300,146.5693,-60.6484,-80.9251,5.3200,0.0000,6943,114.10650523492
RCFF11,Fundo de Fundos,5.3000,3.76,0.7929,5.4100,3.0256,27.2300,5.4100,14.7543,14.7543,8.8647,98.0000,98.8000,127,257.72906122182
RCRB11,Lajes Corporativas,0.8500,1227161.57,0.6552,0.7100,0.7275,8.7300,2.1400,7.9061,4.9558,4.2159,119.1500,201.1200,30743,25.966200785939
RDCI11,Indefinido,1.4400,,0,0.0000,0.0000,0.0000,0.0000,,0.0000,0.0000,,,114,
RDPD11,Papéis,0.3000,98337.21,1.0555,1.3200,4.0742,48.8900,29.4500,-0.4671,8.7721,7.3550,22.7700,33.9476,3141,54.16273264563
RECD11,Papéis,0.1042,15745.76,1.0215,0.9100,1.5933,4.7800,3.1000,13.1696,-3.2946,-4.1667,11.5000,,178,65.356895994694
RECM11,Papéis,0.1000,3326.05,0.8776,1.2800,1.4900,4.4700,3.5900,-10.7954,-7.6146,-8.7822,7.7900,,624,73.831478989703
RECR11,Papéis,0.9469,2078497.1,0.9044,1.2600,1.2325,14.7900,4.1500,13.7956,7.1550,5.8217,74.8900,89.8100,166963,17.266863930683
RECT11,Lajes Corporativas,0.3600,287871.86,0.3648,1.1100,1.1733,14.0800,3.7300,24.5779,20.4399,19.1176,32.4000,90.9800,54402,25.021241480233
RECX11,Fundo de Fundos,12.3698,2656.22,0.9381,18.1900,3.4425,41.3100,24.8200,28.1791,18.1900,0.0000,67.9900,73.6900,577,18.804582895583
REIT11,Papéis,2.4832,47.14,0.3416,2.7600,0.4308,5.1700,2.7600,-4.5429,-4.5429,-7.1068,90.0600,,66,111.46785942025
RELG11,Imóveis Industriais e Logísticos,0.6800,795534.71,0.6143,1.1500,0.5017,6.0200,3.7000,14.3018,-1.3366,-2.4583,59.1200,111.5000,4296,50.364698678467
RENV11,Serviços Financeiros Diversos,0.0210,9417.29,0.7796,0.3400,0.9425,3.7700,0.3400,-35.1169,-35.1169,-35.3368,6.2400,,514,119.94771394688
RFOF11,Fundo de Fundos,0.6500,390647,0.8945,1.1600,1.1050,13.2600,3.4800,-0.9657,-3.6037,-4.7091,55.8500,66.3200,4361,24.631244208432
RIFF11,Indefinido,0.0835,202425.52,0,1.1200,0.6756,6.0800,3.6400,3.4062,9.3507,8.1395,7.4400,,0,51.043769309918
RINV11,Indefinido,1.0500,265589.43,1.0774,1.0700,1.1550,13.8600,3.3500,7.8169,8.4831,7.3346,98.3400,,3854,11.469039196904
RMAI11,Lajes Corporativas,0.4800,16043.95,0.6351,0.6900,0.5908,7.0900,2.4900,-2.1995,-11.3591,-11.9666,69.5200,106.2900,1076,27.104596540952
RNDP11,Papéis,0.6900,10453.19,0.7227,1.6100,4.8750,58.5000,45.7600,127.7664,14.1351,12.3266,42.9200,56.0400,1292,133.63684769759
RNGO11,Lajes Corporativas,0.3800,35259.43,0.5365,0.9000,0.8667,10.4000,2.7100,2.0316,-1.0743,-1.9567,42.0900,83.7700,8231,16.64427574513
ROOF11,Fundo de Desenvolvimento,100.6517,727,1.6409,14.5900,1.5250,18.3000,14.5900,14.5900,14.5900,0.0000,689.7700,,79,181.46684583249
RPRI11,Papéis,1.0500,313647.86,0.9008,1.2700,1.1858,14.2300,3.7600,3.5569,8.3025,6.9443,82.7000,,4123,16.386436849823
RRCI11,Papéis,0.8500,104913.1,0.8087,1.2300,1.1983,14.3800,3.7300,10.0815,1.4795,0.2465,69.1400,89.6600,1880,18.170268423222
RSPD11,Fundo de Desenvolvimento,20.1327,662.81,1.0088,2.0300,0.4375,5.2500,3.3500,-3.4459,-12.9708,-14.7024,989.9900,1130.0991,137,199.51037543856
RURA11,Indefinido,0.0850,1831843,0.7746,1.1300,1.0158,12.1900,2.8900,1.5723,4.5934,3.4247,7.5500,10.1600,85522,22.688921030295
RVBI11,Fundo de Fundos,0.7000,810765.52,0.8769,1.1300,1.1258,13.5100,3.6000,9.9860,9.5281,8.3043,62.0800,73.1900,52179,17.669954514244
RZAG11,Indefinido,0.1200,1040099.62,0.9001,1.4600,1.3317,15.9800,4.3300,8.4788,4.7699,3.2622,8.2300,9.6100,78920,14.73307768985
RZAK11,Papéis,1.3000,1661642.52,0.9512,1.5900,1.4942,17.9300,5.4600,25.3150,8.7990,7.0962,81.9500,86.8400,44817,13.992967706683
RZAT11,Imóveis Industriais e Logísticos,1.1000,532169.29,0.8853,1.2700,1.2008,14.4100,3.7400,15.3926,11.2251,9.8303,86.7000,,36105,19.406114402421
RZEO11,Indefinido,46.3000,26.67,0.9567,19.4700,10.7150,21.4300,19.4700,17.1253,17.1253,-1.9626,237.7800,200.2200,152,208.50097340967
RZLC11,Papéis,10.6688,508177.57,1.0251,1.0700,1.2480,6.2400,3.2200,6.5928,2.1475,1.0661,1001.0700,,1,8.928331552142
RZTR11,Misto,1.0500,3391583,0.9323,1.2500,1.1242,13.4900,3.8600,3.0051,4.4997,3.2096,84.2500,96.6400,136894,16.17323325555
RZZR11,Imóveis Industriais e Logísticos,1.1630,9871.57,0.8103,0.8400,0.6042,7.2500,2.6100,-3.6583,6.4487,5.5619,137.9800,,423,64.120917583358
SADI11,Papéis,0.0950,360469.95,0.9232,1.1700,1.0800,12.9600,3.4700,1.6351,1.0457,-0.1229,8.1300,9.5000,10782,13.186844108157
SAPI11,Misto,0.1050,215417.19,0.9031,1.3200,1.1433,13.7200,4.0100,9.7149,10.9363,9.4911,7.9600,,2772,19.696035169361
SARE11,Misto,0.0260,2561487.62,0.6008,0.6800,0.6125,7.3500,1.8700,4.3465,5.3821,4.6703,3.8100,7.6900,30669,26.833131506285
SCPF11,Shoppings,0.0450,1537.14,0.1744,1.0600,0.0000,0.0000,1.4500,-12.3618,-8.0289,-8.9936,4.2500,11.8400,4678,32.991182143408
SDIL11,Imóveis Industriais e Logísticos,0.7500,1030917.86,1.0144,0.7600,0.8558,10.2700,6.1200,10.5144,2.8168,2.0412,98.9800,98.3300,63292,14.97024845606
SEED11,Indefinido,0.7000,221.43,1.1193,0.7000,0.4108,4.9300,2.7400,2.6415,0.7000,0.0000,100.0000,,129,23.115262835262
SEQR11,Misto,0.5823,107632.9,0.5205,1.2200,1.1900,14.2800,3.6700,4.3256,1.9444,0.7156,47.8500,93.7400,4910,14.207513915028
SHOP11,Shoppings,6.7510,674811.48,1.5413,0.0000,0.0000,0.0000,0.0000,,0.0000,0.0000,,,65,57.050691725766
SHPH11,Shoppings,5.3000,87939.19,0.9364,0.5700,0.5550,6.6600,1.7000,17.0581,3.5262,2.9395,935.7200,1015.5600,2150,37.222998961786
SHSO11,Indefinido,0.4200,,0,0.0000,0.0000,0.0000,0.0000,,0.0000,0.0000,,,8102,
SIGR11,Indefinido,1.2950,28.57,1.0288,0.0000,0.0000,0.0000,1.3200,,0.0000,0.0000,,,8051,5.904867546974
SJAU11,Imóveis Industriais e Logísticos,11.8800,1123.76,1.1885,0.0000,0.0000,0.0000,0.0000,,0.0000,0.0000,,,223,85.419912527231
SMRE11,Incorporações,1.0010,271743.24,0.8258,0.0000,1.0700,10.7000,3.3600,,0.0000,0.0000,,,1658,48.200332655829
SNAG11,Papéis,0.1100,1639370.29,0.9,1.1900,1.0683,12.8200,3.5400,-0.0904,1.2995,0.1082,9.2500,10.2000,110139,12.812413684805
SNCI11,Papéis,1.0000,335457.05,0.9413,1.1400,1.1525,13.8300,3.5500,16.7824,7.0966,5.8895,87.7400,95.6700,38776,16.535362145305
SNEL11,Fundo de Desenvolvimento,0.1000,485817.38,1.0984,1.1400,0.9192,11.0300,3.4800,7.8390,2.7865,1.6279,8.7400,,30482,94.1722793997
SNFF11,Fundo de Fundos,0.7200,536236.43,0.909,0.9800,1.0992,13.1900,3.0100,1.7571,10.7072,9.6328,73.7500,79.0800,28683,15.887989717468
SNFZ11,Misto,0.0600,27280.14,0.9949,0.6100,0.6717,4.0300,1.8300,1.1233,1.2260,0.6122,9.8600,9.8800,3589,13.236305860791
SNID11,Indefinido,0.1100,86500.24,0,1.1200,1.0450,12.5400,3.3300,9.1467,3.4373,2.2917,9.8200,,0,18.439174267644
SNLG11,Imóveis Industriais e Logísticos,0.3000,362644.1,0.8694,1.1400,0.6992,8.3900,1.1400,4.0207,4.0207,2.8482,26.3600,,3730,28.834804786091
SNME11,Indefinido,0.1100,34851.29,1.0284,1.2100,1.1225,13.4700,3.6400,-2.8226,1.4327,0.2200,9.1100,,3665,19.800753294116
SOLR11,Imóveis Comerciais - Outros,4.7708,4931882,1.1167,0.0000,0.0000,0.0000,0.0000,,0.0000,0.0000,,,50,183.2862900885
SPDE11,Indefinido,43.0000,2533.3,1.0365,3.3900,2.5220,12.6100,5.0700,13.2331,14.2607,10.5142,1266.6700,,120,60.416562381846
SPMO11,Indefinido,0.4300,335334,1.0694,0.0000,0.0000,0.0000,0.0000,,0.0000,0.0000,,,14,26.131068162865
SPTW11,Lajes Corporativas,0.4200,52739,0.586,1.2700,1.1333,13.6000,3.9200,-0.7028,0.5720,-0.6892,33.1400,58.3600,20507,22.717357737213
SPVJ11,Shoppings,0.1377,,0,0.0000,0.0000,0.0000,0.0000,,0.0000,0.0000,,30.9500,25,
SPXS11,Indefinido,0.0910,976128.52,0.9134,1.1000,1.1475,13.7700,3.6400,4.3126,9.8338,8.6387,8.3000,,19766,19.919702091716
SRVD11,Indefinido,0.2000,233.91,5.5556,2.2900,0.0000,0.0000,3.3000,-7.7281,-7.7281,-9.7938,8.7500,1.1853,106,375.97518630918
STRX11,Fundo de Desenvolvimento,0.8600,1120,1.1196,0.5400,0.2583,3.1000,1.6700,1.2016,0.5400,0.0000,158.9000,141.9200,109,1.709960386589
TCPF11,Misto,1.3100,,0.367,0.0000,0.0000,0.0000,0.0000,,0.0000,0.0000,,,52,
TELM11,Indefinido,0.1000,47180,1.0111,1.0000,1.1233,3.3700,2.6700,2.6934,2.1234,1.1122,10.0000,,106,11.021043312079
TEPP11,Lajes Corporativas,0.9500,293898.24,0.8626,1.1800,1.0708,12.8500,3.2400,3.5192,8.9735,7.7026,80.5400,97.0800,28619,14.389633032055
TGAR11,Fundo de Desenvolvimento,1.0000,5195626.81,0.8039,1.2500,1.1875,14.2500,3.8100,-9.2432,2.2624,0.9999,79.8000,113.9000,163931,21.143237437154
TJKB11,Indefinido,3.2700,2049.81,0.9657,1.2300,0.7508,9.0100,2.4800,1.3223,3.6255,2.3664,266.9000,,223,170.08959411201
TMPS11,Fundo de Fundos,0.7700,256384.43,0.9153,1.0100,1.2950,15.5400,4.3100,2.8906,1.4774,0.4627,75.9900,,1999,20.111254570574
TOPP11,Imóveis Comerciais - Outros,0.8400,422441.71,0.7466,1.1900,1.1360,5.6800,3.5800,7.5943,6.1122,4.8643,70.7100,,5152,37.968470624677
TORD11,Misto,0.0049,33377.24,0.1201,0.5700,0.5700,0.5700,0.5700,-84.4721,-84.4721,-84.5601,0.8600,13.9400,70817,31.278199076639
TRBL11,Imóveis Industriais e Logísticos,0.6200,448193.62,0.6588,1.0100,0.9067,10.8800,2.9500,-9.9080,1.5893,0.5735,61.3800,,52384,31.843186014859
TRNT11,Lajes Corporativas,0.0700,12481.05,0.5371,0.0600,0.5300,0.5300,0.7100,,0.0000,0.0000,112.6800,197.6400,567,50.709376991096
TRXB11,Fundo de Desenvolvimento,1.0000,3165.95,1.1297,0.8500,1.4433,17.3200,6.9700,2.5028,0.8069,-0.0427,117.0000,,418,79.60046205806
TRXF11,Imóveis Comerciais - Outros,0.9300,6466805.52,0.9855,0.9200,1.0675,12.8100,4.4000,8.2944,3.8651,2.9182,101.5700,102.3400,182867,14.363145228088
TRXY11,Outros,0.1100,215430.95,1.0399,1.1300,2.0250,4.0500,4.0500,4.8538,1.3379,0.2055,9.7500,,465,28.348369344504
TSER11,Lajes Corporativas,1.0000,9.62,1.0079,1.0000,0.5717,6.8600,3.0100,3.1433,2.1016,1.0907,100.1000,,21,178.2043289001
TVRI11,Agências de Bancos,1.0300,883750,0.8921,1.1900,1.0800,12.9600,3.6000,4.2583,6.1366,4.8884,86.4700,,63416,17.029309688122
URHF11,Outros,1.2500,240,0.9455,1.4100,1.6729,11.7100,4.4000,-1.9745,2.8352,1.4054,88.7500,,176,154.4242902533
URPR11,Papéis,0.8200,953631,0.6148,1.5400,1.3975,16.7700,4.5200,-2.6643,-4.2977,-5.7492,53.2800,98.8700,74169,22.639987564553
VANG11,Indefinido,1.0000,34698.67,0,0.9800,0.9850,5.9100,2.9600,4.3396,0.9800,0.0000,102.0000,,0,7.696180577868
VCJR11,Papéis,0.9500,1279887.67,0.9095,1.2100,1.1267,13.5200,3.8300,5.2004,11.6029,10.2686,78.8200,92.8600,31991,19.07729251432
VCRA11,Indefinido,0.9600,657528.05,0.6422,1.6000,1.4625,17.5500,4.8200,-5.1739,1.3968,-0.2000,59.8800,104.1500,10888,25.611743411105
VCRI11,Papéis,0.0850,139353.14,0.7748,1.2700,1.2300,14.7600,3.7500,-2.3172,9.0725,7.7047,6.7100,9.3700,10503,18.511513936817
VCRR11,Imóveis Residenciais,0.5000,194409.9,0.4416,0.8900,0.9708,11.6500,2.7900,-4.1414,-1.0371,-1.9101,56.4900,127.7100,3940,25.874728985561
VGHF11,Misto,0.0900,2584905.24,0.9248,1.2500,1.1267,13.5200,3.7600,0.0552,4.7414,3.4483,7.2000,8.3800,399539,19.353761235599
VGIA11,Indefinido,0.1200,1210222.81,0.8964,1.4400,1.4058,16.8700,4.2200,12.5193,7.7800,6.2500,8.3300,9.6500,168485,17.035449067336
VGII11,Tecidos. Vestuário e Calçados,4.8182,369002,1.1338,5.3300,0.8025,9.6300,5.3300,5.3300,5.3300,0.0000,90.4700,,7,20.703252888962
VGIP11,Papéis,0.9100,1122937.95,0.912,1.1200,1.0858,13.0300,3.4300,20.2000,7.5852,6.3936,81.0400,88.7300,85405,20.42619156608
VGIR11,Papéis,0.1100,3757364.1,0.9836,1.1900,1.1825,14.1900,3.6300,14.6848,5.1605,3.9238,9.2700,9.7400,249578,13.012923033319
VGRI11,Misto,0.1500,562528.19,0.774,2.1200,1.8627,20.4900,6.2900,-2.7895,1.8319,-0.2821,7.0700,,9768,29.696516473545
VIDS11,Fundo de Desenvolvimento,2.8471,,0.9926,0.0000,0.0000,0.0000,0.0000,,0.0000,0.0000,,,199,0.455367078126
VIFI11,Fundo de Fundos,0.0700,30.26,0.8733,1.0100,0.9258,11.1100,2.9300,-1.4316,-6.6362,-7.5697,6.9600,7.9700,5521,19.191652890619
VIGT11,Indefinido,0.1000,273456.19,0,0.2600,0.8575,10.2900,0.9300,-33.7743,23.9316,23.6102,37.8000,,0,52.495174282673
VILG11,Imóveis Industriais e Logísticos,0.6600,1473468.67,0.7422,0.8500,0.7900,9.4800,2.6400,6.3912,10.4153,9.4847,77.3400,112.7300,147824,20.149821349167
VINO11,Lajes Corporativas,0.0500,402094.24,0.5116,1.0500,0.9575,11.4900,3.1600,1.6947,3.2231,2.1505,4.7500,10.3400,151167,25.40806225292
VISC11,Shoppings,0.8000,3370921.14,0.8272,0.8100,0.8300,9.9600,2.5000,8.6547,5.1666,4.3216,98.4900,125.0900,345645,18.772325211314
VIUR11,Misto,0.0670,487488.43,0.6093,1.3300,1.1417,13.7000,3.8300,-6.0053,1.3300,0.0000,5.0400,8.8300,46867,23.300139415408
VJFD11,Papéis,0.7500,3889.59,0.9467,0.4800,0.2000,2.4000,1.4400,1.4469,0.4800,0.0000,155.0200,163.7500,96,15.282984050298
VLIQ11,Indefinido,5.0419,,0,0.0000,0.0000,0.0000,0.0000,,0.0000,0.0000,,,8102,
VLOL11,Lajes Corporativas,16.3034,160238.13,1.5358,0.0000,0.0000,0.0000,1.9900,,0.0000,0.0000,,111.0600,8102,9.894248404735
VOTS11,Papéis,0.5800,4210,0.8091,0.7800,1.0092,12.1100,3.0100,9.1442,4.4018,3.5938,74.3700,93.7800,642,37.881042630941
VPPR11,Lajes Corporativas,0.0700,86504.43,0.3231,0.5300,0.3417,4.1000,0.5300,-8.5456,-8.5456,-9.0278,13.1000,,41105,15.782568471274
VRTA11,Papéis,0.8500,1408680.62,0.9621,1.0900,1.0650,12.7800,3.3100,5.2083,3.3020,2.1882,77.9900,86.7900,115716,16.219795507001
VRTM11,Misto,0.0900,363288.62,0.7673,1.3700,1.1367,13.6400,4.1900,-1.1746,7.0833,5.6361,6.5600,,11830,43.997357220116
VSEC11,Papéis,2.0489,2.5,0.0033,0.0000,0.0000,0.0000,138.0000,,0.0000,0.0000,,,8102,904.16497556217
VSHO11,Shoppings,0.6500,201094.19,0.6873,1.0200,0.9558,11.4700,3.1200,-0.0524,2.3975,1.3636,63.9300,103.8600,3419,19.97017122663
VSLH11,Papéis,0.0300,105762.67,0.2839,1.0400,1.1925,14.3100,3.0900,-6.6066,1.0400,0.0000,2.8800,9.9700,72779,21.129190427628
VTLT11,Imóveis Industriais e Logísticos,0.9700,61833.24,0.8243,1.1800,1.0650,12.7800,3.4500,-3.5085,0.6515,-0.5223,81.9000,104.8100,5900,16.557950697526
VTPL11,Papéis,5.1100,1273.17,0.7152,0.0000,0.0000,0.0000,0.0000,,0.0000,0.0000,,,54,
VVCO11,Lajes Corporativas,11.1600,700522.43,0.976,0.0000,0.0000,0.0000,0.0000,,0.0000,0.0000,,,2859,16.424916974881
VVCR11,Papéis,0.1100,1170919.67,0.968,1.1000,0.9758,11.7100,3.5100,14.1924,8.3757,7.1966,9.9800,,2303,15.60735818618
VVMR11,Lajes Corporativas,0.1400,563994.9,0.7204,0.1600,0.6958,8.3500,0.3800,-4.6194,-3.1392,-3.2939,86.6100,,685,26.018452289409
VVPR11,Misto,0.8923,1249061.55,1.5907,0.8900,0.0000,0.0000,7.4500,14.4394,1.2956,0.4020,99.9000,98.0300,8102,3.425928713562
VVRI11,Indefinido,0.5191,43062.62,0.8483,1.0400,0.8308,9.9700,2.1100,-46.5380,-48.5326,-49.0624,49.9800,,165,69.426915962514
VXXV11,Fundo de Desenvolvimento,273.3500,66975,1.0212,0.0000,0.0000,0.0000,0.0000,,0.0000,0.0000,,,12,41.986536230865
WPLZ11,Shoppings,0.3200,7444.33,0.779,0.6500,0.6442,7.7300,1.9400,-4.6715,6.1838,5.4981,48.9300,66.7500,1648,44.667703543835
WSEC11,Indefinido,0.0862,4894.86,0.6784,1.2400,1.1050,13.2600,3.5200,-6.1349,-3.3366,-4.5205,6.9700,,542,35.215328243378
WTSP11B,Misto,0.0500,3852,0.6769,0.0000,0.0000,0.0000,0.0000,,0.0000,0.0000,,84.2100,210,6.669961288398
XPCA11,Indefinido,0.1000,791404.9,0.775,1.4500,1.0642,12.7700,3.0900,14.2059,2.9419,1.4706,6.9000,9.5100,99278,22.541347923555
XPCI11,Papéis,0.8400,1214939.14,0.911,1.1400,1.0875,13.0500,3.4200,1.9022,6.1339,4.9376,73.9600,86.9400,68539,18.698627043924
XPCM11,Lajes Corporativas,0.0200,11096.52,0.2587,0.2000,0.0000,0.0000,0.2000,-1.3415,-1.3415,-1.5385,10.2400,29.0400,18609,26.150855154251
XPHT11,Hotéis,0.4051,230869.59,0.6577,0.9300,0.8425,10.1100,10.1100,15.3653,16.9272,15.8498,43.4900,63.1300,1268,29.848886039472
XPID11,Indefinido,0.7000,458050.05,0,1.2900,1.1567,13.8800,3.8300,-4.7760,-0.2336,-1.5042,54.3500,,0,22.178722287756
XPIE11,Indefinido,1.0000,1237494.19,0,1.6000,1.3158,15.7900,4.7600,6.2995,-3.1155,-4.6412,62.4600,,0,17.676411711532
XPIN11,Imóveis Industriais e Logísticos,0.7400,357407,0.6708,1.0700,0.9750,11.7000,3.3400,11.5374,8.6083,7.4585,69.3000,105.2700,45028,15.862843924236
XPLG11,Imóveis Industriais e Logísticos,0.8200,3214657.24,0.9117,0.9000,0.8258,9.9100,2.6700,3.3824,3.6968,2.7719,91.5800,106.9200,342051,14.954546515144
XPML11,Shoppings,0.9200,12228072.52,0.8634,0.9400,0.9167,11.0000,2.8800,7.5577,1.2206,0.2780,97.3800,117.2500,582781,15.070162470782
XPPR11,Lajes Corporativas,0.0700,78639.38,0.2067,0.5300,0.3650,4.3800,0.5300,-8.5456,-8.5456,-9.0278,13.1000,60.6800,42867,21.622564743917
XPSF11,Fundo de Fundos,0.0600,683736.81,0.8475,1.0300,1.0367,12.4400,3.3200,-3.9312,3.8961,2.8369,5.8000,7.0800,62841,16.951708493993
XTED11,Lajes Corporativas,11.1600,17641.88,0.6771,,,,,,,,,28.0218,4098,29.460550469301
YUFI11,Fundo de Desenvolvimento,0.3646,5.17,0.5605,0.6100,0.2558,3.0700,2.2400,-31.5374,1.2053,0.5917,59.5000,,56,35.167574455976
YUFI11B,Indefinido,0.6331,,0,0.0000,0.0000,0.0000,,0.0000,0.0000,0.0000,0.0000,105.5322,0,
ZAGH11,Serviços Financeiros Diversos,0.0700,5236,1.0379,0.7800,0.5017,6.0200,2.1000,-28.0877,-12.1955,-12.8751,9.0000,,400,967.09723554645
ZAVC11,Indefinido,0.1300,8738.24,0.8961,0.0000,1.2850,12.8500,0.0000,,0.0000,0.0000,,,160,71.24569506236
ZAVI11,Indefinido,1.0500,230816.71,0.7235,1.0600,1.1367,13.6400,3.7800,4.8175,19.2798,18.0287,99.5100,,3353,41.445976464842
ZIFI11,Fundo de Desenvolvimento,3.3050,412.38,0.3396,0.0000,0.0000,0.0000,0.0000,,0.0000,0.0000,,,98,58.00348306158
